PT001|Weight on one hip|片側の腰に体重を乗せる|重心放在一側髖部|Compare the shoulder and hip angles.|肩と骨盤の傾きを比べる。|比較肩膀與骨盆的傾斜。
PT002|Relaxed stance, hands behind|手を後ろに組んで立つ|雙手放在身後站立|Find the relaxed vertical axis.|力を抜いた身体の軸を見る。|找出放鬆站姿的身體軸線。
PT003|One foot on a low block|片足を低い台に乗せる|單腳放在低台上|Compare the two knee heights.|左右の膝の高さを比べる。|比較兩側膝蓋的高度。
PT004|Standing quadriceps stretch|片足立ちで足首をつかむ|單腳站立拉伸大腿|Trace weight down to the standing foot.|重心から支持する足へ線をたどる。|沿重心觀察到支撐腳。
PT005|Even-weight standing|両足に均等に体重を乗せる|雙腳均勻承重站立|Find the central body axis.|身体の中央の軸を探す。|找出身體中央軸線。
PT006|Wide stable stance|足を広く開いて立つ|雙腳寬站|Compare the support width and torso.|支持面の幅と胴体を比べる。|比較支撐範圍與軀幹。
PT007|Raised-knee balance|片膝を上げてバランスを取る|抬膝平衡|Notice how the arms counterbalance the leg.|脚と釣り合う腕の方向を見る。|觀察手臂如何平衡抬起的腿。
PT008|Rising onto tiptoes|両足のつま先で立つ|雙腳踮起|Follow the upward stretch to the toes.|上への伸びとつま先の接地を見る。|觀察向上的延伸與腳尖支撐。
PT009|Crossed-leg standing|脚を交差して立つ|交叉雙腿站立|Separate the standing and relaxed legs.|支持する脚と力を抜いた脚を分ける。|區分支撐腿與放鬆的腿。
PT010|Shifting weight sideways|体重を横へ移す途中|向側邊轉移重心|Place the torso over the bent knee.|曲げた膝の上に胴体が来る関係を見る。|觀察軀幹如何移到彎曲的膝蓋上方。
PT011|Half squat, arms forward|腕を前に伸ばす浅いスクワット|手臂前伸半蹲|Balance the forward arms and backward hips.|前に出た腕と後ろの骨盤を比べる。|比較前伸手臂與後移髖部。
PT012|Forward hinge, leg extended back|前傾して片脚を後ろに伸ばす|前傾並向後伸腿|Trace the long torso-to-leg line.|胴体から脚へ長い線をたどる。|沿軀幹到後腿觀察長動勢線。
PT013|Walking, rear foot lifting|後ろの足が離れる歩行|行走時後腳離地|Pair each arm with the opposite leg.|腕と反対側の脚の組み合わせを見る。|觀察手臂與對側腿的配合。
PT014|Walking, heel contact|かかとが着く歩行|腳跟落地的行走瞬間|Find the heel contact and weight transfer.|かかとの接地と重心移動を見る。|觀察腳跟接地與重心轉移。
PT015|Stepping down|低い段から降りる|從低台踏下|Compare both support levels.|二つの支持面の高さを比べる。|比較兩個支撐面的高度。
PT016|Long brisk stride|大きな歩幅で速く歩く|大步快走|Connect the forward lean and stride.|前傾と歩幅のつながりを見る。|觀察前傾與步幅的連結。
PT017|Starting a sprint|走り出す最初の蹴り出し|起跑的首次推進|Trace the push from foot through torso.|足から胴体への蹴り出しをたどる。|沿腳到軀幹觀察推進力量。
PT018|Running, both feet airborne|両足が浮く走行|跑步時雙腳騰空|Compare the opposing arms and legs.|反対方向に動く腕と脚を比べる。|比較相反方向的手臂與腿。
PT019|Slowing a run|走ってから減速する|跑步減速|Notice the braking foot and backward torso.|制動する足と後ろに残る胴体を見る。|觀察制動腳與向後的軀幹。
PT020|Stepping upstairs|低い階段を上がる|踏上低階梯|Follow weight toward the higher foot.|高い足へ移る重心をたどる。|觀察重心如何移向較高的腳。
PT021|Side step|横へ一歩避ける|向側邊跨步|Compare lateral movement and foot spacing.|横への移動と足の間隔を比べる。|比較側移方向與腳間距。
PT022|Changing direction while walking|歩きながら向きを変える|行走中轉向|Compare the turning chest and pelvis.|回転する胸と骨盤を比べる。|比較胸腔與骨盆的轉動。
PT023|Stepping over an obstacle|小さな障害物をまたぐ|跨過小障礙物|Find the lifted knee and supporting foot.|上がった膝と支持する足を見る。|找出抬膝與支撐腳的關係。
PT024|Careful backward step|慎重に後ろへ下がる|小心向後退步|Read the backward movement from the feet.|足から後退の方向を読む。|從雙腳判讀後退方向。
PT025|Wide side lunge|大きなサイドランジ|寬側弓步|Compare the bent and straight leg.|曲げた脚と伸ばした脚を比べる。|比較彎曲腿與伸直腿。
PT026|Crouching before a jump|跳ぶ直前に身体を低くする|跳躍前蹲低|Find the compressed line before release.|伸びる前の縮んだ線を探す。|觀察起跳前壓縮的動勢線。
PT027|Tucked jump at the peak|跳躍の頂点で膝を曲げる|最高點屈膝跳躍|Draw the airborne silhouette first.|空中のシルエットから描く。|先畫出騰空輪廓。
PT028|Landing on both feet|両足で着地する|雙腳落地|Follow the folded knees absorbing impact.|衝撃を受ける膝の曲がりを見る。|觀察彎膝如何吸收衝擊。
PT029|Preparing a throw|投げる前に腕を引く|投擲前向後拉臂|Compare chest and pelvis rotation.|胸と骨盤の回転を比べる。|比較胸腔與骨盆的轉動。
PT030|Throwing follow-through|投げた後のフォロースルー|投擲後的延續動作|Trace motion beyond the throwing hand.|投げる手の先まで動きをたどる。|沿投擲手觀察動作延伸。
PT031|Side kick|横へ脚を蹴り出す|側踢|Balance the extended leg and leaning torso.|伸ばした脚と傾く胴体の釣り合いを見る。|比較伸腿與軀幹傾斜的平衡。
PT032|Boxing guard|上体をひねるボクシングの構え|扭身拳擊防守|Notice the staggered feet and guarded arms.|前後の足と防御する腕を見る。|觀察前後腳與防守手臂。
PT033|Forward punch|前へ片腕を伸ばしてパンチ|向前出拳|Compare the near fist and far shoulder.|近い拳と遠い肩を比べる。|比較近處拳頭與遠側肩膀。
PT034|Ducking sideways|上体を横へ低くして避ける|側身降低閃避|Track the sideways shift of chest and head.|胸と頭の横への移動を見る。|觀察胸部與頭部的側移。
PT035|Upright dance, back leg raised|上体を起こして後ろ脚を上げる|直立舞姿向後抬腿|Contrast upright torso and raised leg.|起こした胴体と上げた脚を比べる。|比較直立軀幹與抬起的後腿。
PT036|Preparing a dance turn|回転を準備するダンス姿勢|準備旋轉的舞姿|Find the turning axis inside the arms.|腕の内側に回転の軸を探す。|找出手臂內側的旋轉軸。
PT037|Single overhead reach|片腕を頭上に伸ばす|單臂向上伸展|Trace fingertips to the supporting foot.|指先から支持する足へ線をたどる。|沿指尖到支撐腳觀察長線。
PT038|Overhead side bend|両腕を上げて横に曲げる|雙臂上舉側彎|Compare the stretched and compressed sides.|伸びる側と縮む側を比べる。|比較伸長側與壓縮側。
PT039|Looking back, feet fixed|足を残して後ろを見る|雙腳固定回頭看|Separate the chest and pelvis directions.|胸と骨盤の方向を分けて見る。|區分胸腔與骨盆朝向。
PT040|Standing forward fold|立って足先へ前屈する|站姿前彎|Locate the hinge at the hips.|骨盤で折れる位置を探す。|找出髖部折疊的位置。
PT041|Arms open, torso rotated|両腕を開いて胴体を回す|張臂旋轉軀幹|Compare the arm line and pelvis line.|腕の線と骨盤の線を比べる。|比較手臂線與骨盆線。
PT042|Cross-body reach to the floor|前屈して反対側の床へ手を伸ばす|前彎伸手到對側地面|Follow both bending and twisting.|曲がりとひねりを同時にたどる。|同時觀察彎曲與扭轉。
PT043|Gentle backward bend|手を腰に置いて軽く後屈する|手扶腰輕微後彎|Follow the curve through the chest.|胸を通る曲線をたどる。|沿胸部觀察曲線。
PT044|Two-arm upward stretch|両腕を上げて伸びをする|雙臂向上伸懶腰|Find the long central stretch.|中央の長い伸びを探す。|找出中央向上延伸的線。
PT045|Reaching across the body|身体を横切って遠くへ手を伸ばす|橫跨身體向遠處伸手|Track the chest following the hand.|手を追う胸の回転を見る。|觀察胸部隨手轉動。
PT046|Cross-body shoulder stretch|腕を胸の前へ引いて伸ばす|橫臂肩部伸展|Compare the overlapping arms.|重なる腕の前後を比べる。|比較雙臂交疊的前後。
PT047|Arms around the abdomen, curled torso|腹を抱えて胴体を丸める|抱腹蜷曲軀幹|Trace the rounded back and lowered head.|丸い背中と下がった頭をたどる。|沿弓背與低頭觀察動勢。
PT048|Hands meeting behind the back|背中で上下の手を近づける|雙手在背後上下相接|Compare the two shoulder rotations.|左右の肩の回転を比べる。|比較兩肩的旋轉。
PT049|Seated with crossed knees|椅子で膝を組む|椅上交叉膝蓋|Separate the overlapping thighs.|重なった太ももを分けて見る。|區分交疊的大腿。
PT050|Sitting astride a reversed chair|椅子を逆向きにしてまたがる|反向跨坐椅子|Compare the legs around the chair.|椅子の左右の脚を比べる。|比較椅子兩側的腿。
PT051|Elbows resting on thighs|座って肘を太ももに乗せる|坐姿雙肘靠大腿|Locate where the arms transfer weight.|腕の重さを受ける場所を見る。|找出手臂傳遞重量的位置。
PT052|Seated diagonal reach|座って斜め上へ手を伸ばす|坐姿斜向上伸手|Compare raised shoulder and seated pelvis.|上がる肩と座った骨盤を比べる。|比較抬肩與坐姿骨盆。
PT053|Upright chair sitting|椅子にまっすぐ座る|端坐椅子|Find the pelvis-to-chest vertical axis.|骨盤から胸への縦軸を探す。|找出骨盆到胸部的垂直軸。
PT054|Leaning back, one leg extended|背もたれに寄りかかり片脚を伸ばす|靠椅背伸出單腿|Compare the torso lean and leg extension.|胴体の傾きと脚の伸びを比べる。|比較軀幹後傾與腿部伸展。
PT055|Sideways chair sitting, looking back|椅子に横向きで座って振り返る|側坐椅子回頭看|Separate the seated pelvis and turned chest.|座った骨盤と回る胸を分ける。|區分坐姿骨盆與轉動胸腔。
PT056|Beginning to rise from a chair|椅子の端から立ち上がる瞬間|從椅緣準備起身|Follow weight moving over the feet.|足の上へ移る重心をたどる。|觀察重心如何移到雙腳上方。
PT057|Seated, holding a raised knee|座って片膝を抱える|坐姿抱起單膝|Notice the closed arm-to-knee shape.|腕と膝が作る閉じた形を見る。|觀察手臂與膝蓋形成的封閉形。
PT058|High stool, one foot supported|高いスツールで片足を足置きに|高凳坐姿單腳踩支架|Compare the supported and hanging leg.|支える脚と垂らした脚を比べる。|比較受支撐與垂下的腿。
PT059|Hands behind on a bench|ベンチに手をついて後ろへ寄る|雙手撐長凳後靠|Find the arm support behind the torso.|胴体の後ろの腕の支持を見る。|觀察軀幹後方的手臂支撐。
PT060|Curled up on a chair|椅子の上で両膝を抱える|椅上抱膝蜷坐|Separate the compressed torso and thighs.|縮まった胴体と太ももを分ける。|區分壓縮的軀幹與大腿。
PT061|Floor sitting, one knee raised|床で片膝を立てて座る|地板坐姿單膝立起|Compare raised and folded legs.|立てた脚と折った脚を比べる。|比較立起與折疊的腿。
PT062|Half-kneeling, arms forward|片膝をついて両手を前へ|單膝跪地雙臂前伸|Map the foot and knee support triangle.|足と膝の支持の三角形を見る。|觀察腳與膝蓋形成的支撐三角。
PT063|Deep squat, elbows on knees|深くしゃがんで肘を膝に|深蹲雙肘靠膝|Locate the pelvis between the feet.|足の間の骨盤の位置を見る。|找出雙腳之間的骨盆位置。
PT064|Side-sitting on the floor|両脚を横に折って座る|雙腿側折坐地|Notice the hand balancing the folded legs.|折った脚と釣り合う手を見る。|觀察手如何平衡側折的雙腿。
PT065|Upright cross-legged sitting|床であぐらをかいて座る|盤腿端坐|Compare the open knees and upright torso.|開いた膝と立つ胴体を比べる。|比較張開膝蓋與直立軀幹。
PT066|Legs straight, hands behind|脚を伸ばして手を後ろにつく|伸直雙腿向後撐手|Follow the long legs and supporting arms.|長い脚と支持する腕をたどる。|觀察長腿與支撐手臂。
PT067|Tall kneeling|両膝立ちで身体を高くする|雙膝跪直|Stack the chest over the pelvis.|骨盤の上に胸を重ねて見る。|觀察胸部如何疊在骨盆上方。
PT068|Kneeling on the heels|正座してかかとに座る|跪坐腳跟|Compare the upright torso and folded lower legs.|立つ胴体と折れたすねを比べる。|比較直立軀幹與折疊小腿。
PT069|Hands-and-knees support|手と膝で床を支える|四肢撐地|Map all four floor contacts.|床との四つの接点を見る。|找出四個地面接觸點。
PT070|Low crawling reach|身体を低くして片手を前へ|低姿爬行單手前伸|Pair the reaching hand with the opposite knee.|伸ばす手と反対の膝を組み合わせる。|觀察伸手與對側膝蓋的配合。
PT071|Floor sitting, hugging both knees|床で両膝を抱える|地板抱膝坐姿|Trace the closed curve around the knees.|膝を囲む閉じた曲線をたどる。|觀察包圍雙膝的封閉曲線。
PT072|Pushing up from the floor|片手をついて床から立つ|單手撐地起身|Follow weight moving from hand to foot.|手から足へ移る重さをたどる。|觀察重量如何從手移到腳。
PT073|Relaxed lying on the back|仰向けで手足を楽に伸ばす|仰躺放鬆四肢|Compare the body's width from above.|上から身体の幅を比べる。|從上方比較身體寬度。
PT074|Lying on the back, knees raised|仰向けで両膝を立てる|仰躺屈膝|Separate the bent legs from the flat torso.|曲げた脚と平らな胴体を分ける。|區分彎腿與平躺軀幹。
PT075|Side-lying, upper knee bent|横向きで上の膝を曲げる|側躺彎曲上腿|Compare the overlapping legs.|重なる脚の前後を比べる。|比較雙腿交疊的前後。
PT076|Side-lying, supported on an elbow|横向きで肘に上体を預ける|側躺以肘撐起上身|Follow the elbow-to-shoulder support.|肘から肩への支持をたどる。|觀察手肘到肩膀的支撐。
PT077|Prone, chest supported on elbows|うつ伏せで肘に胸を預ける|俯躺以肘撐胸|Compare the raised chest and grounded pelvis.|上がった胸と床の骨盤を比べる。|比較抬起胸部與接地骨盆。
PT078|Prone with arms extended forward|うつ伏せで両腕を前に伸ばす|俯躺雙臂前伸|Trace the body's full length.|全身の長さを線でたどる。|沿全身長度觀察線條。
PT079|Lying, knees drawn to chest|寝て両膝を胸へ引き寄せる|躺姿雙膝拉向胸部|Separate arms, thighs, and torso overlap.|腕・太もも・胴体の重なりを分ける。|區分手臂、大腿與軀幹交疊。
PT080|Half-reclining, hands behind|両手を後ろについて半分寝る|雙手後撐半躺|Map the hands and pelvis as support points.|手と骨盤の支持点を見る。|找出雙手與骨盆的支撐點。
PT081|Curled side-lying|横向きで身体を丸めて寝る|側躺蜷曲身體|Find the compact C-shaped gesture.|小さくまとまるC字の流れを見る。|找出收緊的 C 形動勢。
PT082|Lying, one leg raised|寝て片脚を上に上げる|躺姿抬起單腿|Compare the raised leg's foreshortening.|上がった脚の短縮を比べる。|比較抬腿的透視縮短。
PT083|Low hip bridge|仰向けで骨盤を低く上げる|仰躺低橋抬臀|Trace the sloping chest-to-knee line.|胸から膝への斜めの線をたどる。|沿胸部到膝蓋觀察斜線。
PT084|Rolling sideways to get up|横へ転がって起き上がる|側翻準備起身|Notice the hand taking over support.|支持を受け継ぐ手を見る。|觀察手如何接替支撐。
PT085|Pushing against a wall|両手で壁を押す|雙手推牆|Trace force from rear foot to hands.|後ろ足から手への力をたどる。|沿後腳到雙手觀察力量。
PT086|Pulling a rope with both hands|両手でロープを引く|雙手拉繩|Compare the rope direction and body lean.|ロープの方向と身体の傾きを比べる。|比較繩索方向與身體傾斜。
PT087|Lifting a box from the floor|床の箱を持ち上げる|從地面提起箱子|Find the hip hinge and bent knees.|骨盤の折れと膝の曲がりを見る。|找出髖部折疊與彎膝。
PT088|Holding a box at the chest|胸の前で箱を抱える|胸前抱箱|Notice how the load changes the torso.|荷物で変わる胴体の傾きを見る。|觀察負重如何改變軀幹姿勢。
PT089|Heavy bag in one hand|片手で重い鞄を持つ|單手提重袋|Compare the loaded shoulder and opposite side.|荷重側の肩と反対側を比べる。|比較負重側肩膀與另一側。
PT090|Pushing a cart|カートの取っ手を押す|推動推車|Follow the rear leg's push through the arms.|後ろ脚の押しを腕までたどる。|沿後腿到手臂觀察推力。
PT091|Lifting and moving a chair|椅子を持って横へ運ぶ|抬椅向側邊搬動|Compare the load and rotating torso.|荷物と回転する胴体を比べる。|比較負重與旋轉軀幹。
PT092|Pulling a low drawer|低い引き出しを引く|拉開低抽屜|Read the backward pull from the pelvis.|骨盤から後ろへの引きを読む。|從骨盆判讀後拉力量。
PT093|Sweeping sideways with a broom|長いほうきで横を掃く|用長掃帚向側邊掃|Compare the two hand heights and rotation.|左右の手の高さと回転を比べる。|比較雙手高度與身體旋轉。
PT094|Carrying a pole on one shoulder|肩に長い棒を乗せて運ぶ|單肩扛長桿|Find the loaded shoulder and arm support.|荷重する肩と腕の支持を見る。|找出負重肩膀與手臂支撐。
PT095|Beginning to climb a ladder|低いはしごに片足を乗せる|單腳踏上梯子|Compare all four hand and foot heights.|両手両足の高さを比べる。|比較雙手雙腳的高度。
PT096|Leaning on a desk with both hands|机に両手をついて身体を支える|雙手撐桌承重|Notice weight transferred into the arms.|腕へ移った重さを見る。|觀察轉移到手臂的重量。
PT097|Standing, looking at a phone|立って携帯電話を見る|站姿低頭看手機|Connect the gaze, neck, and hand.|視線・首・手のつながりを見る。|觀察視線、頸部與手的連結。
PT098|Putting one arm into a jacket|上着に片腕を通す|單臂穿入外套|Follow the shoulder and arm behind the back.|背中側の肩と腕をたどる。|觀察背後的肩膀與手臂。
PT099|Seated, tying a shoelace|低く座って靴紐を結ぶ|低坐綁鞋帶|Trace the body folding toward the shoe.|靴へ折りたたむ身体をたどる。|觀察身體向鞋子折疊。
PT100|Seated, drinking from a cup|座ってカップを口へ運ぶ|坐姿舉杯喝水|Compare the cup, forearm, and head.|カップ・前腕・頭の前後を比べる。|比較杯子、前臂與頭部的前後。
PT101|Floor sitting, reading an open book|床に座って本を開いて読む|坐地閱讀攤開書本|Notice the arms enclosing the book.|本を囲む腕を見る。|觀察雙臂如何圍住書本。
PT102|Putting a backpack on one shoulder|片肩にリュックを掛ける途中|單肩背上背包的途中|Separate the backpack and rotated shoulder.|リュックと回る肩を分ける。|區分背包與轉動肩膀。
PT103|Holding an umbrella against the wind|風に向かって傘を持つ|迎風握住雨傘|Read the body's response to external force.|外からの力に対する身体を見る。|觀察身體如何應對外力。
PT104|Standing, stirring a pot|立って鍋をかき混ぜる|站姿攪拌鍋子|Compare the roles of the two arms.|左右の腕の役割を比べる。|比較雙臂不同的作用。
PT105|Reaching down to pick up an object|片膝を低くして物を拾う|降低單膝拾取物品|Follow the asymmetrical crouch and reach.|左右非対称のしゃがみと腕をたどる。|觀察不對稱蹲姿與伸手。
PT106|Holding an overhead handle|上の取っ手をつかんで揺れに耐える|握上方扶手抵抗晃動|Compare the high support and tilted body.|高い支持点と傾く身体を比べる。|比較上方支撐與傾斜身體。
PT107|Leaning over a desk to write|机に身体をかがめて書く|俯身桌上書寫|Separate the supporting and writing arms.|支える腕と書く腕を分ける。|區分支撐手臂與書寫手臂。
PT108|Seated with a guitar|座ってギターを抱える|坐姿抱吉他|Find the space between instrument and arms.|楽器と腕の間の空間を見る。|觀察樂器與手臂之間的空間。
PT109|Recoiling in surprise|驚いて身体を後ろへ引く|驚訝向後縮身|Trace the backward break in the gesture.|後ろへ折れる動きの線をたどる。|觀察向後轉折的動勢線。
PT110|Crouching with arms over the head|身体を低くして頭を守る|蹲低以雙臂護頭|Read the closed defensive silhouette.|閉じた防御のシルエットを見る。|判讀封閉的防禦輪廓。
PT111|Hands on hips, chest open|両手を腰に置いて胸を張る|雙手叉腰挺胸|Find the open silhouette and central axis.|開いたシルエットと中央の軸を見る。|找出開放輪廓與中央軸線。
PT112|Slumped on a chair|椅子で肩を落としてうなだれる|垂肩低頭坐椅|Trace the sagging head, chest, and arms.|下がる頭・胸・腕をたどる。|觀察下垂的頭、胸部與手臂。
PT113|Leaning forward in protest|拳を下で握って前へ詰め寄る|握拳前傾質問|Follow the force toward the front foot.|前足へ向かう力をたどる。|觀察力量如何朝向前腳。
PT114|Open palm, asking a question|手のひらを上にして問いかける|掌心朝上提問|Connect the open hand and approaching chest.|開いた手と近づく胸をつなぐ。|觀察張手與前傾胸部的連結。
PT115|Palm forward, stepping away|手のひらを前へ出して下がる|伸掌向前並後退|Compare the opposing arm and torso directions.|腕と胴体の反対方向を比べる。|比較手臂與軀幹的相反方向。
PT116|Tiptoe celebration, arms up|つま先立ちで両腕を上げて喜ぶ|踮腳舉臂歡呼|Trace the upward spread of the gesture.|上へ広がる全身の流れをたどる。|觀察向上擴展的全身動勢。
PT117|Head lowered, hands gathered|頭を下げて手を前に集める|低頭雙手收於身前|Notice the closed shoulders and slight asymmetry.|閉じた肩と小さな左右差を見る。|觀察收攏肩膀與細微不對稱。
PT118|Sinking down onto one knee|片膝を立てて力なく座り込む|單膝立起無力跪坐|Compare the raised knee and lowered chest.|高い膝と低い胸を比べる。|比較抬起膝蓋與低垂胸部。
PT119|Bent forward laughing|腹を押さえて前かがみで笑う|抱腹前彎大笑|Find the rounded back and supporting hand.|丸い背中と支える手を探す。|找出弓背與支撐手。
PT120|Leaving with a backward wave|立ち去りながら後ろへ手を振る|離開時回頭揮手|Separate the body, gaze, and hand directions.|身体・視線・手の方向を分ける。|區分身體、視線與手的方向。
